Region,Avg_Lead_Time,Median_Lead_Time,StdDev_Lead_Time,Sample_Size,Total_Sales,Total_Profit,Order_Count,Efficiency_Score,On_Time_Pct
Gulf,1311.37,1274.0,264.73,1620,22247.26,14700.67,1620,100.0,0.0
Pacific,1322.19,1274.0,266.47,3253,46301.53,30485.94,3253,7.679180887370833,0.0
Atlantic,1322.75,1274.0,256.54,2986,41197.24,26973.7,2986,2.9010238907842876,0.0
Interior,1323.09,1274.0,262.69,2335,32037.6,21282.49,2335,0.0,0.0
